<?xml version="1.0" encoding="UTF-8"?>
<beans xmlns="http://www.springframework.org/schema/beans"
       xmlns:xsi="http://www.w3.org/2001/XMLSchema-instance"
       xmlns:context="http://www.springframework.org/schema/context"
       xmlns:mvc="http://www.springframework.org/schema/mvc"
       xsi:schemaLocation="http://www.springframework.org/schema/beans
	http://www.springframework.org/schema/beans/spring-beans.xsd
	http://www.springframework.org/schema/context
	http://www.springframework.org/schema/context/spring-context.xsd
	http://www.springframework.org/schema/mvc
	http://www.springframework.org/schema/mvc/spring-mvc-3.0.xsd">
    <!-- 配置SpringMVC -->
    <!-- 1.开启SpringMVC注解模式 -->
    <!-- 简化配置：
        (1)自动注册DefaultAnootationHandlerMapping,AnotationMethodHandlerAdapter
        (2)提供一些列：数据绑定，数字和日期的format @NumberFormat, @DateTimeFormat, xml,json默认读写支持
    -->
    <mvc:annotation-driven/>

    <!-- 2.静态资源默认servlet配置
        (1)加入对静态资源的处理：js,gif,png
        (2)允许使用"/"做整体映射
     -->
    <!--<mvc:default-servlet-handler/>-->
    <!--<mvc:resources mapping="/Contents/**/**" location="/WEB-INF/ftl/Contents/" />-->
    <!--<mvc:resources mapping="/Scripts/**/**" location="/WEB-INF/ftl/Scripts/" />-->

    <!-- freemarker的配置 -->
    <bean id="freemarkerConfig" class="org.springframework.web.servlet.view.freemarker.FreeMarkerConfigurer">
        <property name="templateLoaderPath" value="/"/>
        <property name="defaultEncoding" value="utf-8"/>
        <property name="freemarkerSettings">
            <props>
                <prop key="template_update_delay">10</prop>
                <prop key="locale">zh_CN</prop>
                <prop key="datetime_format">yyyy-MM-dd HH:mm:ss</prop>
                <prop key="date_format">yyyy-MM-dd</prop>
                <prop key="number_format">#.##</prop>
            </props>
        </property>
    </bean>
    <!-- FreeMarker视图解析   如返回student。。在这里配置后缀名ftl和视图解析器。。-->
    <bean id="viewResolver" class="org.springframework.web.servlet.view.freemarker.FreeMarkerViewResolver">
        <property name="viewClass" value="org.springframework.web.servlet.view.freemarker.FreeMarkerView"></property>
        <property name="suffix" value=".html"/>
        <property name="contentType" value="text/html;charset=utf-8"/>
        <property name="exposeRequestAttributes" value="true"/>
        <property name="exposeSessionAttributes" value="true"/>
        <property name="exposeSpringMacroHelpers" value="true"/>
    </bean>

    <!-- 4.扫描web相关的bean -->
    <context:component-scan base-package="com.xz.managersystem.web"/>
</beans>